Area,Year,Average value of food production (constant 2004-2006 I$/cap) (3-year average),Cereal import dependency ratio (percent) (3-year average),Incidence of caloric losses at retail distribution level (percent),Per capita food production variability (constant 2004-2006 thousand int$ per capita),Per capita food supply variability (kcal/cap/day),Percent of arable land equipped for irrigation (percent) (3-year average),Percentage of children under 5 years of age who are overweight (modelled estimates) (percent),water access,Percentage of population using at least basic sanitation services (percent),irrigation,Political stability and absence of violence/terrorism (index),Prevalence of anemia among women of reproductive age (15-49 years),"Share of dietary energy supply derived from cereals, roots and tubers (kcal/cap/day) (3-year average)",Value of food imports in total merchandise exports (percent) (3-year average),"Consumer Prices, General Indices (2015 = 100)",Food Insecurity Rate
Brunei Darussalam,2000,84.9,96.55600000000004,3.13,8.316548015873018,51.0,47.821333333333335,6.2,99.0,97.63499999999996,95.84099999999998,1.3,17.1,44.1,4.14,95.14298200000002,2.839
Brunei Darussalam,2001,81.0,100.0,3.29,7.5,63.0,50.0,6.4,99.0,96.29899999999998,96.015,1.2595533333333324,16.6,50.0,5.0,95.70993016666664,2.0060000000000016
Brunei Darussalam,2002,85.0,99.6,3.16,6.9,31.0,50.0,6.6,99.0,97.614,95.844,1.16,16.3,48.0,4.0,93.49427166666663,2.086000000000001
Brunei Darussalam,2003,86.0,95.7,3.17,6.7,40.0,50.0,6.8,99.0,97.09599999999996,95.845,1.15,16.0,47.0,4.0,93.74358966666668,2.714000000000001
Brunei Darussalam,2004,76.0,93.8,3.22,4.2,59.0,50.0,7.0,99.0,97.09599999999996,96.03300000000002,1.37,15.7,46.0,4.0,94.53049983333337,2.7300000000000004
Brunei Darussalam,2005,79.0,98.1,3.18,6.4,65.0,50.0,7.1,99.0,97.11699999999996,96.041,1.21,15.5,47.0,3.0,95.71874583333334,2.6990000000000007
Brunei Darussalam,2006,84.0,91.1,3.04,18.3,39.0,42.9,7.3,99.0,97.03299999999996,95.45699999999997,1.12,15.5,47.0,3.0,95.8654059166667,4.838999999999992
Brunei Darussalam,2007,98.0,87.6,3.03,17.2,22.0,37.5,7.5,99.0,96.3,95.56899999999996,1.11,15.4,46.0,3.0,96.7915955,5.678999999999995
Brunei Darussalam,2008,99.0,83.5,3.12,14.6,37.0,30.0,7.7,99.0,96.3,95.972,1.13,15.2,45.0,3.0,98.81056108333333,5.870999999999994
Brunei Darussalam,2009,101.0,90.9,3.05,13.5,44.0,27.3,7.9,99.0,96.3,95.566,1.39,15.0,45.0,3.0,99.83239858333332,5.869999999999996
Brunei Darussalam,2010,104.0,89.3,3.05,13.2,42.0,25.0,8.1,99.0,96.3,95.57,1.28,14.9,45.0,3.0,100.05916750000002,5.921999999999994
Brunei Darussalam,2011,108.0,100.0,3.01,3.6,35.0,25.0,8.3,99.0,96.3,95.577,1.09,14.8,45.0,3.0,100.19716058333331,5.207999999999996
Brunei Darussalam,2012,113.0,100.0,3.08,3.1,18.0,23.1,8.4,99.0,96.3,95.586,0.91,14.8,45.0,3.0,100.30914741666668,4.093999999999995
Brunei Darussalam,2013,116.0,-52.40699999999995,3.19,2.3,25.0,21.4,8.6,99.0,96.3,96.476,1.07,14.8,30.0,4.0,100.69955566666668,2.7190000000000016
Brunei Darussalam,2014,118.0,-50.88599999999997,3.19,3.9,30.0,20.0,8.7,99.0,96.3,96.411,1.26,14.9,15.0,5.0,100.49099808333332,2.8350000000000004
Brunei Darussalam,2015,117.0,-52.43899999999998,3.19,3.7,26.0,20.0,8.9,99.0,96.3,96.538,1.24,15.1,33.74,6.0,100.00025283333332,2.721000000000002
Brunei Darussalam,2016,78.0,-53.26799999999999,3.19,2.7,9.0,20.0,9.0,99.0,96.44,96.663,1.15,15.4,34.09,7.0,99.72155875,2.8229999999999995
Brunei Darussalam,2017,38.0,-50.596,3.19,2.4,6.0,20.0,9.1,99.0,96.81900000000002,96.663,1.16,15.7,33.94,7.0,98.46456308333332,2.822
Brunei Darussalam,2018,58.95,-51.38799999999999,3.19,2.739309523809523,11.0,20.28485714285715,9.1,99.0,96.822,96.663,1.25,16.2,32.2,6.0,99.47387575,2.833
Brunei Darussalam,2019,58.95,-53.258,3.19,2.6718333333333333,11.0,20.28485714285715,9.2,99.0,96.832,96.663,1.17,16.7,32.5,6.33,99.0854085,2.8409999999999997
Brunei Darussalam,2020,72.45,-55.90299999999999,3.19,3.0108333333333324,14.59919363969364,20.35885714285715,9.3,99.0,97.012,96.663,1.177628650793651,16.165721428571448,33.28,6.25,101.00798225,2.8319999999999994
Cambodia,2000,149.524,3.5979999999999985,2.78,5.711000000000002,77.0,8.115000000000002,3.2,52.6,9.8,17.0,-0.78,53.9,75.08,15.7,51.93886483333333,11.718
Cambodia,2001,145.0,3.9,2.89,5.0,53.0,7.7,3.1,54.2,12.3,17.5,-0.7478295970695967,52.8,76.0,7.0,51.60293158333334,11.724
Cambodia,2002,150.0,3.5,2.72,5.8,65.0,7.8,3.0,55.8,15.0,18.0,-0.73,51.8,74.0,6.0,51.71205458333333,11.765
Cambodia,2003,151.0,3.3,2.81,11.4,65.0,8.0,2.9,57.4,17.8,18.4,-0.65,50.9,73.0,5.0,52.19905075,14.551000000000004
Cambodia,2004,168.0,2.6,2.74,11.2,49.0,8.6,2.8,59.1,20.5,18.9,-0.41,50.0,72.0,6.0,54.45370375000001,14.551000000000004
Cambodia,2005,182.0,1.8,2.83,11.2,34.0,9.0,2.7,60.3,23.3,19.4,-0.4,49.2,72.0,8.0,58.05595725,14.551000000000004
Cambodia,2006,201.0,1.2,2.96,11.9,24.0,9.5,2.6,61.2,26.1,19.9,-0.35,48.3,72.0,10.0,61.4294065,14.674000000000005
Cambodia,2007,213.0,-0.8,2.93,15.2,19.0,9.6,2.5,62.1,29.0,20.3,-0.36,47.6,72.0,11.0,66.77918758333334,14.687000000000005
Cambodia,2008,222.0,-1.3,2.91,14.1,14.0,9.6,2.4,63.0,31.9,20.8,-0.3,47.0,71.0,12.0,82.87086950000001,14.894000000000007
Cambodia,2009,234.0,-2.3,2.96,15.1,17.0,9.5,2.3,63.9,34.8,21.4,-0.56,46.6,71.0,12.0,81.84184741666667,15.036000000000008
Cambodia,2010,253.0,-1.3,2.93,3.3,22.0,9.4,2.3,64.7,37.8,21.9,-0.5,46.3,71.0,10.0,85.11257116666667,12.127
Cambodia,2011,270.0,-1.1,2.97,2.7,25.0,9.3,2.2,65.5,40.9,22.5,-0.3,46.1,71.0,8.0,89.77541874999999,12.127
Cambodia,2012,281.0,-1.3,2.91,11.2,18.0,9.3,2.1,66.3,43.9,23.1,-0.1,46.1,71.0,6.0,92.40971324999998,15.152000000000008
Cambodia,2013,281.0,-2.5,2.9,11.4,15.0,9.3,2.1,67.1,47.0,23.7,-0.14,46.2,70.0,6.0,95.1280605,15.52200000000001
Cambodia,2014,279.0,-4.6,2.9,11.0,10.0,9.2,2.1,67.8,50.0,24.2,0.02,46.4,70.0,6.0,98.79590216666668,15.26100000000001
Cambodia,2015,281.0,-6.3,2.9,13.1,24.0,9.1,2.0,68.4,53.1,24.8,0.06,46.5,70.0,7.0,100.00509691666666,16.9
Cambodia,2016,187.0,-7.4,2.9,19.0,27.0,9.1,2.0,69.1,56.2,25.4,0.21,46.7,69.0,10.0,103.02439058333334,14.3
Cambodia,2017,94.0,-7.6,2.9,17.7,27.0,9.1,2.0,69.7,59.3,26.0,0.09,46.8,69.0,12.0,106.02511558333332,14.0
Cambodia,2018,122.22,-4.4691357808857815,2.9,15.41938757763976,27.0,9.801000000000013,2.0,70.3,62.5,26.6,0.11,47.0,67.48,12.0,108.6323635,13.6
Cambodia,2019,124.44,-4.372154312354312,2.9,14.978078053830233,26.0,10.45400000000001,2.0,70.8,65.6,27.2,-0.08,47.1,60.68,12.5,110.74262849999998,13.4
Cambodia,2020,124.44,-3.940731235431236,2.9,14.931478053830231,25.697928493281943,10.45800000000001,2.1,71.2,68.8,27.8,-0.0242672784160284,46.46133333333332,59.76,12.61,113.99878883333334,13.586000000000004
Indonesia,2000,172.582,13.52066666666665,3.67,6.542333333333334,42.0,27.881316013677587,4.0,75.3,38.0,36.243000000000016,-2.0,33.3,70.25,4.33,33.26962083333333,6.511999999999998
Indonesia,2001,166.0,12.8,3.73,9.1,47.0,28.4,4.2,76.3,40.2,36.55700000000001,-1.7194297619047634,32.4,71.0,4.0,37.095665833333335,7.942999999999999
Indonesia,2002,173.0,12.6,3.78,4.9,40.0,28.7,4.4,77.2,42.4,37.27800000000001,-1.58,31.7,70.0,4.0,41.51009166666668,4.848999999999995
Indonesia,2003,181.0,13.3,3.83,2.4,33.0,27.9,4.7,78.2,44.7,37.38000000000002,-2.09,30.9,69.0,5.0,44.31506083333333,4.485999999999995
Indonesia,2004,187.0,11.5,3.88,4.2,20.0,27.8,4.9,79.1,47.0,37.606,-1.91,30.2,69.0,5.0,47.00235249999999,4.5179999999999945
Indonesia,2005,194.0,11.7,3.93,5.2,9.0,28.9,5.3,80.0,49.3,37.648,-1.52,29.5,69.0,4.0,51.91560333333333,4.467999999999995
Indonesia,2006,199.0,12.2,3.98,4.6,12.0,30.3,5.6,80.9,51.6,38.15300000000001,-1.42,28.9,68.0,5.0,58.72105000000001,4.398999999999996
Indonesia,2007,207.0,11.9,4.04,5.1,13.0,30.5,6.0,81.8,54.0,38.77200000000001,-1.2,28.3,69.0,5.0,62.483048333333336,4.363999999999995
Indonesia,2008,213.0,10.5,4.09,4.0,13.0,29.5,6.4,82.7,56.4,40.563,-1.06,27.7,69.0,5.0,68.87298166666666,4.302999999999996
Indonesia,2009,219.0,10.2,4.14,4.0,10.0,28.8,6.8,83.6,58.8,41.437000000000005,-0.75,27.3,69.0,5.0,71.89403666666665,4.109999999999996
Indonesia,2010,224.0,13.1,4.19,5.0,22.0,28.5,7.2,84.4,61.2,42.286000000000016,-0.85,27.0,69.0,6.0,75.58522416666666,3.5459999999999967
Indonesia,2011,230.0,14.7,4.24,2.7,27.0,28.6,7.7,85.3,63.7,42.96500000000001,-0.77,26.9,69.0,6.0,79.633605,3.829999999999997
Indonesia,2012,235.0,15.4,4.29,3.2,32.0,28.6,8.2,86.1,66.1,44.00000000000002,-0.59,27.0,69.0,7.0,83.041535,3.928999999999996
Indonesia,2013,240.0,13.3,4.35,3.9,34.0,28.6,8.6,86.9,68.6,46.98300000000005,-0.52,27.2,69.0,7.0,88.3665725,3.375999999999998
Indonesia,2014,241.0,12.2,4.4,4.0,21.0,28.5,9.1,87.7,71.1,47.87700000000004,-0.42,27.6,69.0,7.0,94.01755,1.0720000000000014
Indonesia,2015,242.0,11.1,4.45,4.3,27.0,27.8,9.5,88.5,73.6,48.36900000000004,-0.62,28.2,69.0,8.0,100.00000583333332,0.7
Indonesia,2016,161.0,10.2,4.5,5.6,21.0,26.8,10.0,89.3,76.1,48.465000000000046,-0.37,28.9,69.0,8.0,103.52580833333332,0.9
Indonesia,2017,80.0,10.1,4.3,8.5,20.0,25.9,10.3,90.1,78.7,48.95800000000004,-0.5,29.6,68.0,9.0,107.46889166666668,0.9
Indonesia,2018,102.12,7.509000000000014,4.1,7.238894444444448,25.0,27.447692307692343,10.7,90.9,81.3,49.068000000000026,-0.54,30.4,66.09,9.0,110.90612500000002,0.8
Indonesia,2019,104.13,7.511000000000013,3.9,7.120894444444449,34.0,29.494525641025657,10.9,91.6,83.9,49.59400000000005,-0.48,31.2,63.81,8.32,114.26724166666668,0.7
Indonesia,2020,104.13,7.511000000000013,3.9,7.116894444444448,29.002380925447103,32.46658333333334,11.1,92.4,86.5,49.72800000000004,-0.5589132478632471,30.409249999999997,58.98,8.65,116.46226666666668,0.8210000000000005
Lao People's Democratic Republic,2000,195.29772222222215,2.487404761904761,2.98,5.907999999999996,19.0,27.21126533433885,2.1,46.1,28.2,4.9,-0.58,42.6,75.56,22.38,38.27079,9.316999999999991
Lao People's Democratic Republic,2001,190.0,2.5,3.01,16.3,21.0,31.1,2.1,48.5,31.2,6.7,-0.4173433333333335,41.7,76.0,20.0,41.26043066666666,12.726
Lao People's Democratic Republic,2002,194.0,2.7,3.09,14.9,22.0,29.8,2.1,50.9,34.2,8.6,-0.1,40.9,76.0,23.0,45.64696933333334,10.931
Lao People's Democratic Republic,2003,199.0,2.3,3.17,14.5,22.0,28.5,2.1,53.2,37.2,10.6,-1.23,40.2,75.0,26.0,52.71738958333333,10.696
Lao People's Democratic Republic,2004,202.0,1.4,3.19,6.2,24.0,27.5,2.1,55.5,40.2,11.1,-0.61,39.4,75.0,27.0,58.23282341666667,8.043999999999995
Lao People's Democratic Republic,2005,207.0,-0.5,3.17,6.0,18.0,26.6,2.1,57.7,43.1,11.6,-0.49,38.7,74.0,24.0,62.40441391666667,7.630999999999997
Lao People's Democratic Republic,2006,213.0,-0.6,3.13,6.7,25.0,25.9,2.1,59.8,45.8,12.0,-0.09,38.1,73.0,21.0,66.489154,7.550999999999995
Lao People's Democratic Republic,2007,217.0,-1.7,3.19,9.6,21.0,24.9,2.1,61.9,48.5,12.5,-0.18,37.5,73.0,19.0,69.58886,9.893999999999997
Lao People's Democratic Republic,2008,225.0,-2.3,3.08,6.3,20.0,23.9,2.2,63.9,51.2,12.9,0.02,37.0,72.0,21.0,74.89766133333332,7.382999999999997
Lao People's Democratic Republic,2009,231.0,-4.5,3.21,8.7,36.0,23.0,2.2,65.9,53.8,13.3,-0.16,36.6,72.0,18.0,75.00340741666668,9.411999999999995
Lao People's Democratic Republic,2010,244.0,-5.1,3.28,8.3,36.0,22.2,2.2,67.9,56.5,13.7,-0.28,36.4,71.0,16.0,79.49052016666667,9.079999999999997
Lao People's Democratic Republic,2011,257.0,-5.1,3.4,7.2,31.0,21.7,2.3,69.8,59.1,14.2,-0.06,36.2,70.0,15.0,85.50714858333335,7.657999999999996
Lao People's Democratic Republic,2012,271.0,-5.2,3.37,6.1,29.0,21.3,2.3,71.8,61.8,14.6,0.03,36.3,69.0,15.0,89.14558625000001,7.580999999999996
Lao People's Democratic Republic,2013,294.0,-4.1,3.49,2.8,35.0,20.5,2.4,73.7,64.4,15.0,0.07,36.5,67.0,19.0,94.82543225,7.511999999999996
Lao People's Democratic Republic,2014,323.0,-3.7,3.49,3.3,36.0,19.6,2.5,75.6,67.0,15.4,0.5,36.8,65.0,19.0,98.74100491666668,6.537999999999996
Lao People's Democratic Republic,2015,351.0,-2.7,3.49,11.0,65.0,19.0,2.5,77.5,69.6,15.9,0.54,37.2,64.0,19.0,100.00227725,8.387999999999996
Lao People's Democratic Republic,2016,240.0,-2.9,3.49,17.1,85.0,19.0,2.6,79.6,72.1,16.3,0.53,37.7,64.0,19.0,101.599226,8.131999999999996
Lao People's Democratic Republic,2017,120.0,-3.2,3.49,17.5,86.0,19.4,2.7,81.5,74.7,16.7,0.4,38.2,64.0,20.0,102.43790574999998,7.847999999999996
Lao People's Democratic Republic,2018,128.82,-2.32430074092574,3.49,8.651450000000002,62.0,23.095333333333336,2.8,83.3,77.2,17.2,0.42,38.8,63.55,18.0,104.52804133333336,6.913999999999993
Lao People's Democratic Republic,2019,117.38,-1.7820507409257411,3.49,8.364561111111112,37.0,23.44233333333334,2.9,85.1,79.3,17.6,0.53,39.5,63.39,16.28,108.00104691666668,8.9
Lao People's Democratic Republic,2020,119.4,-1.5515977106227103,3.49,8.511611111111113,53.90785714285715,26.910500000000003,3.0,85.2,79.5,17.7,0.4930000000000005,33.12299999999999,54.65,11.32,113.513499,6.0419999999999945
Malaysia,2000,375.49300000000005,76.36699999999998,2.95,12.945636138289622,23.0,37.90104307359311,5.4,96.9,96.8,92.6,0.09,35.1,44.72,4.31,71.39616666666667,6.832000000000002
Malaysia,2001,382.0,80.2,2.99,15.8,41.0,40.9,5.5,96.9,97.0,92.7,0.3624857142857142,34.7,44.0,3.0,72.40769633333333,6.852000000000001
Malaysia,2002,395.0,77.7,3.06,13.2,48.0,39.9,5.6,96.9,97.2,92.8,0.54,34.2,44.0,3.0,73.71673566666665,5.601999999999995
Malaysia,2003,405.0,85.1,2.97,9.9,60.0,39.1,5.7,96.9,97.5,92.8,0.49,33.5,45.0,3.0,74.52000925,7.394000000000002
Malaysia,2004,420.0,82.6,2.97,7.2,57.0,39.5,5.8,97.0,97.7,92.9,0.35,32.9,46.0,3.0,75.57914075000001,5.200999999999997
Malaysia,2005,431.0,86.3,3.06,8.6,29.0,40.4,5.8,97.0,97.9,93.0,0.56,32.5,47.0,4.0,77.82767375,3.666999999999996
Malaysia,2006,438.0,81.1,3.01,10.0,22.0,42.3,5.9,97.0,98.1,93.0,0.29,32.0,47.0,4.0,80.63665783333333,7.564
Malaysia,2007,449.0,77.2,2.91,11.5,19.0,43.8,5.9,97.0,98.3,93.1,0.19,31.5,46.0,4.0,82.27144758333334,7.4440000000000035
Malaysia,2008,455.0,72.8,2.85,6.0,20.0,44.7,5.9,97.0,98.5,93.2,0.11,31.1,46.0,5.0,86.747658,5.108999999999996
Malaysia,2009,460.0,69.5,2.91,10.0,22.0,44.9,6.0,97.0,98.7,93.2,-0.04,30.7,45.0,5.0,87.25366425,7.198
Malaysia,2010,464.0,71.1,2.94,8.6,25.0,46.3,6.0,97.0,98.8,93.3,0.14,30.4,45.0,6.0,88.66966233333333,6.217
Malaysia,2011,470.0,72.3,2.9,11.3,35.0,47.8,6.0,97.0,99.0,93.4,0.08,30.2,44.0,6.0,91.48445516666668,7.215000000000002
Malaysia,2012,481.0,72.6,2.91,12.5,44.0,50.6,6.0,97.0,99.0,93.4,-0.01,30.1,44.0,6.0,93.00636408333332,7.029000000000004
Malaysia,2013,480.0,76.4,2.86,11.2,53.0,53.1,6.1,97.0,99.0,93.5,0.05,30.2,43.0,6.0,94.96415958333336,6.936000000000003
Malaysia,2014,480.0,74.8,2.86,9.1,39.0,54.6,6.1,97.0,99.0,93.5,0.27,30.4,43.0,6.0,97.94887391666668,6.6
Malaysia,2015,477.0,73.9,2.86,9.7,42.0,54.0,6.1,97.1,99.0,93.6,0.26,30.7,42.0,6.0,100.01010008333331,7.8
Malaysia,2016,315.0,70.6,2.86,10.6,44.0,53.5,6.1,97.1,99.0,93.6,0.14,30.9,42.0,6.0,102.10087783333334,6.7
Malaysia,2017,156.0,71.9,2.86,11.1,51.0,53.5,6.1,97.1,99.0,93.7,0.12,31.3,42.0,6.0,106.05340808333334,6.7
Malaysia,2018,228.09,72.88399999999999,2.86,11.714306623287088,46.0,50.21966666666666,6.1,97.1,99.0,93.7,0.26,31.6,42.7,5.0,106.99167241666667,6.7
Malaysia,2019,226.76,72.82499999999999,2.86,12.177480615961082,19.0,44.80608333333332,6.1,97.1,97.988,93.8,0.11,32.0,43.18,5.15,107.70091141666666,7.5
Malaysia,2020,227.71,73.04199999999997,2.86,11.739913766144234,36.051348003848005,49.59566666666666,6.1,97.1,99.0,93.8,0.1778277681131855,31.38878571428571,42.96,5.37,106.47451883333336,7.072
Myanmar,2000,196.6957171550672,-2.4825000000000004,2.55,6.993999999999995,38.0,21.950000000000024,4.5,47.0,63.5,27.1,-1.67,47.6,69.08,11.376379233511589,11.602793083333331,9.788999999999993
Myanmar,2001,210.0,-5.4,2.57,8.4,36.0,19.4,4.3,48.6,64.0,28.6,-1.5058305427905418,46.6,66.0,10.0,14.051133916666666,11.728999999999996
Myanmar,2002,219.0,-5.7,2.64,6.0,34.0,20.0,4.1,50.2,64.6,30.2,-1.41,45.7,65.0,9.0,22.070749916666667,10.55099999999999
Myanmar,2003,227.0,-4.1,2.72,6.2,17.0,20.7,3.9,51.8,65.1,31.7,-1.15,44.8,63.0,11.0,30.149242333333333,10.57799999999999
Myanmar,2004,238.0,-2.0,2.85,4.3,11.0,21.1,3.7,53.5,65.7,33.4,-0.99,43.9,62.0,13.0,31.513275916666668,10.33499999999999
Myanmar,2005,256.0,-1.5,2.89,5.9,15.0,21.4,3.5,55.2,66.2,35.0,-0.9,43.0,60.0,13.0,34.4656345,9.950999999999992
Myanmar,2006,276.0,-1.5,3.01,4.7,19.0,21.4,3.3,56.9,66.8,36.7,-0.85,42.1,58.0,10.0,41.35755066666666,9.585999999999991
Myanmar,2007,298.0,-2.1,3.04,8.6,16.0,21.4,3.1,58.7,67.3,38.4,-1.06,41.3,57.0,9.0,55.84286625000001,8.985999999999997
Myanmar,2008,313.0,-2.7,3.09,12.1,16.0,21.1,2.9,60.5,67.8,40.1,-1.09,40.5,54.0,9.0,70.80849608333332,9.943999999999996
Myanmar,2009,323.0,-2.8,3.17,15.9,31.0,21.2,2.7,62.3,68.3,41.9,-1.29,40.0,53.0,11.0,71.85104,9.823999999999998
Myanmar,2010,323.0,-3.1,3.25,13.8,32.0,21.3,2.6,64.1,68.8,43.7,-1.29,39.6,52.0,12.0,77.39677775,9.849999999999996
Myanmar,2011,317.0,-2.2,3.34,6.6,64.0,21.4,2.4,65.9,69.3,45.3,-1.11,39.4,52.0,14.0,81.28322608333333,6.824999999999996
Myanmar,2012,313.0,-2.0,3.3,8.5,57.0,21.3,2.2,67.8,69.8,46.8,-0.94,39.4,52.0,15.0,82.47612500000001,7.820999999999999
Myanmar,2013,313.0,-2.3,3.37,15.9,48.0,21.3,2.1,69.7,70.3,48.3,-1.14,39.6,52.0,15.0,87.13028474999999,7.9369999999999985
Myanmar,2014,319.0,-3.5,3.37,15.7,49.0,21.2,2.0,71.6,70.8,49.8,-1.09,40.0,52.0,15.0,91.44610858333331,7.776999999999999
Myanmar,2015,321.0,-3.2,3.37,12.1,43.0,21.1,1.9,73.6,71.3,51.3,-1.17,40.4,51.0,18.0,100.09158075,7.532999999999999
Myanmar,2016,214.0,-3.7,3.37,6.6,22.0,20.9,1.8,75.6,71.7,52.8,-0.8,40.9,51.0,20.0,107.02675141666668,4.791999999999995
Myanmar,2017,107.0,-2.7,3.37,6.8,14.0,20.8,1.7,77.6,72.2,54.4,-1.08,41.2,51.0,17.0,111.92058883333333,3.808999999999998
Myanmar,2018,131.21,-3.5455602647352635,3.37,7.641639141414143,15.0,22.782018181818174,1.6,79.6,72.7,56.0,-1.26,41.7,51.24,12.0,119.61213966666666,3.630999999999998
Myanmar,2019,136.27,-3.478260997335996,3.37,6.781439141414143,19.0,24.013033333333333,1.6,81.7,73.2,57.6,-1.26,42.1,51.24,13.3,130.167991,1.9
Myanmar,2020,140.53,-3.523552664002662,3.37,6.653939141414144,17.55013123261614,24.06653333333334,1.5,83.7,73.6,58.8,-1.1565571631146638,31.63342857142856,51.18,6.18,135.098102,3.175999999999998
Philippines,2000,192.7419484126984,21.79900000000001,3.22,7.223000000000002,38.0,27.449474708298258,2.4,86.0,61.1,36.3,-1.39,25.0,67.295,5.953315508021389,55.13615675,7.1730000000000045
Philippines,2001,192.0,25.5,3.22,10.2,38.0,27.6,2.4,86.3,61.5,36.4,-1.2356908333333332,24.3,57.0,6.0,58.11503166666668,9.396
Philippines,2002,194.0,24.7,3.27,7.4,28.0,27.9,2.5,86.7,61.9,38.4,-0.86,23.8,57.0,6.0,59.6973715,5.543999999999994
Philippines,2003,196.0,22.8,3.28,5.2,25.0,27.9,2.5,87.1,62.3,40.5,-1.56,23.3,58.0,6.0,61.0519505,5.281999999999994
Philippines,2004,197.0,21.2,3.22,0.9,19.0,27.9,2.6,87.5,62.7,42.6,-1.71,22.8,59.0,6.0,63.97688208333333,5.089999999999993
Philippines,2005,199.0,21.7,3.25,1.1,23.0,27.8,2.7,87.9,63.1,44.2,-1.18,22.2,60.0,6.0,68.19645524999999,4.918999999999994
Philippines,2006,203.0,22.2,3.25,0.7,23.0,27.7,2.8,88.3,63.5,44.7,-1.64,21.8,60.0,6.0,71.92454408333333,4.918999999999994
Philippines,2007,208.0,22.0,3.3,1.2,30.0,27.6,2.9,88.7,64.7,44.8,-1.6,21.1,59.0,8.0,74.04032441666666,4.954999999999994
Philippines,2008,211.0,22.4,3.31,4.1,41.0,27.7,2.9,89.1,66.0,45.0,-1.78,20.2,59.0,9.0,80.09996741666666,4.506999999999994
Philippines,2009,209.0,22.9,3.37,5.8,31.0,28.3,3.0,89.5,67.2,45.1,-1.73,19.5,59.0,10.0,83.47442724999998,4.217999999999995
Philippines,2010,208.0,21.6,3.39,5.3,28.0,28.6,3.1,89.9,68.5,45.3,-1.65,18.7,59.0,10.0,86.63311333333333,4.098999999999995
Philippines,2011,209.0,20.0,3.35,4.4,22.0,29.0,3.3,90.3,69.9,45.5,-1.39,17.8,59.0,10.0,90.72082475,3.6749999999999945
Philippines,2012,212.0,17.8,3.32,3.3,41.0,29.3,3.4,90.8,71.2,45.7,-1.19,16.9,59.0,10.0,93.46691158333331,3.544999999999994
Philippines,2013,209.0,17.6,3.3,4.0,42.0,29.9,3.5,91.2,72.6,45.9,-1.08,15.9,59.0,9.0,95.88087008333332,3.5979999999999945
Philippines,2014,203.0,17.7,3.3,3.9,38.0,30.5,3.6,91.6,73.9,46.1,-0.71,15.2,59.0,10.0,99.33049433333332,3.8499999999999934
Philippines,2015,195.0,19.7,3.3,4.9,43.0,31.6,3.7,92.0,75.3,46.3,-0.86,14.5,58.0,11.0,100.00017325,3.2
Philippines,2016,127.0,21.2,3.3,6.1,34.0,32.7,3.8,92.4,76.7,46.6,-1.38,13.9,58.0,12.0,101.25387416666668,3.4509999999999947
Philippines,2017,62.0,23.2,3.3,8.3,34.0,33.8,3.9,92.9,78.0,46.8,-1.18,13.3,58.0,13.0,104.14283725,4.853999999999996
Philippines,2018,90.56,21.888000000000016,3.3,7.175433333333331,33.0,33.76250000000001,4.0,93.3,79.4,47.0,-1.08,12.8,57.73,14.0,109.57035016666664,3.2
Philippines,2019,108.68,20.77200000000002,3.3,7.052433333333332,44.0,33.825500000000005,4.1,93.7,80.8,47.2,-0.88,12.3,57.75,13.24,112.28800008333332,4.0
Philippines,2020,112.16,-1.3695000000000013,3.3,6.9844333333333335,26.31316229572228,31.905722222222234,4.2,94.1,82.3,47.5,-0.8524868802936192,14.07299999999999,57.83,12.41,115.247046,3.246999999999998
Singapore,2000,6.77,-49.40699999999997,3.173815476190476,3.266925,43.04,28.467,3.0,99.0,99.0,99.0,1.14,12.3,34.86,2.04,75.25475908333333,3.377999999999997
Singapore,2001,5.0,-48.99399999999997,3.173815476190476,3.0,43.14,28.46400000000001,3.0,99.0,99.0,99.0,1.1501600000000007,12.1,35.02,2.0,76.00519783333334,3.018999999999997
Singapore,2002,5.0,-49.05499999999997,3.1628954761904757,2.5,42.35,28.465000000000003,3.1,99.0,99.0,99.0,1.26,11.9,34.54,2.0,75.70750341666667,2.9239999999999977
Singapore,2003,6.0,-49.31799999999998,3.162195476190476,2.5,39.982,28.465000000000003,3.1,99.0,99.0,99.0,0.88,11.8,34.95,2.0,76.09202558333335,2.7309999999999985
Singapore,2004,6.0,-49.733999999999966,3.160695476190475,2.4,36.72141176470589,28.354000000000006,3.2,99.0,99.0,99.0,1.09,11.7,34.94,2.0,77.35722841666666,2.6179999999999986
Singapore,2005,6.0,-52.65199999999997,3.1570288095238097,1.6,37.001666666666665,36.48900000000001,3.2,99.0,99.0,99.0,1.16,11.7,35.68,2.0,77.68273,2.6389999999999985
Singapore,2006,5.0,-52.68699999999997,3.1705038095238094,1.3,34.66166666666667,36.608857142857154,3.3,99.0,99.0,99.0,1.25,11.6,36.66,2.0,78.43073833333332,2.6389999999999985
Singapore,2007,5.0,-52.68699999999997,3.17300380952381,1.1,34.50166666666667,36.70585714285716,3.4,99.0,99.0,99.0,1.17,11.5,36.63,2.0,80.08161125,2.4789999999999988
Singapore,2008,5.0,-52.66699999999997,3.17270380952381,1.2,34.70166666666667,36.855857142857154,3.5,99.0,99.0,99.0,1.35,11.5,36.65,2.0,85.38924575,2.3529999999999998
Singapore,2009,4.0,-52.54399999999997,3.1757288095238096,1.5,38.40166666666666,36.69600000000001,3.7,99.0,99.0,99.0,1.18,11.4,36.62,2.0,85.89878058333335,2.348999999999999
Singapore,2010,4.0,-52.54399999999997,3.1742038095238096,1.0,35.34166666666667,37.00985714285716,3.8,99.0,99.0,99.0,1.17,11.4,36.59,2.0,88.32427133333334,2.340999999999999
Singapore,2011,5.0,-52.62499999999997,3.16850380952381,1.0,35.32166666666667,37.18685714285716,3.9,99.0,99.0,99.0,1.19,11.5,36.57,2.0,92.95934658333334,1.2810000000000017
Singapore,2012,5.0,-52.56699999999997,3.1692038095238098,0.8,36.10166666666667,37.02600000000001,4.0,99.0,99.0,99.0,1.37,11.5,36.36,2.0,97.21279691666666,1.2770000000000017
Singapore,2013,5.0,-54.17899999999999,3.1687038095238096,0.2,36.01166666666667,37.010000000000005,4.1,99.0,99.0,99.0,1.38,11.6,36.07,3.0,99.50566191666664,1.1640000000000013
Singapore,2014,5.0,-56.58499999999998,3.1708038095238096,0.7,36.47166666666667,36.85799999999999,4.2,99.0,99.0,99.0,1.19,11.8,35.7,3.0,100.52574241666666,1.1590000000000011
Singapore,2015,5.0,-57.833,3.1708038095238096,0.8,37.81166666666667,36.96699999999999,4.3,99.0,99.0,99.0,1.31,11.9,36.62,3.0,100.0003765,1.0
Singapore,2016,3.0,-56.80899999999999,3.1719038095238097,1.1,39.071666666666665,36.96499999999999,4.4,99.0,99.0,99.0,1.5,12.1,36.62,3.0,99.46810566666664,1.2
Singapore,2017,2.0,-58.273,3.1719038095238097,1.5,39.15166666666666,37.35539999999999,4.5,99.0,99.0,99.0,1.62,12.4,36.62,3.0,100.04130108333334,1.4
Singapore,2018,7.76,-58.301,3.1719038095238097,1.363082178932178,39.54166666666666,37.44599999999999,4.6,99.0,99.0,99.0,1.49,12.7,36.62,3.0,100.4801025,1.4
Singapore,2019,7.7,-57.869,3.17460380952381,1.734582178932178,39.66166666666666,38.66299999999999,4.7,99.0,99.0,99.0,1.53,13.0,36.59,3.09,101.04807666666666,0.9
Singapore,2020,7.7,-58.33599999999999,3.17460380952381,1.447582178932178,39.70166666666667,38.707,4.8,99.0,99.0,99.0,1.5308000000000004,12.766000000000004,36.59,3.09,100.86425350000002,1.0720000000000016
Thailand,2000,312.47149572649573,-37.07633333333336,2.99,10.917874045566393,45.0,36.25758333333332,6.4,93.9,92.4,69.88100000000003,0.46,21.0,49.75,3.2188235294117646,70.09871433333332,7.278999999999999
Thailand,2001,332.0,-39.9,2.93,11.7,41.0,36.7,6.7,94.3,92.7,70.23000000000003,0.2257231639194141,21.0,50.0,2.0,71.23915658333334,7.201999999999999
Thailand,2002,343.0,-45.5,2.93,12.0,40.0,37.9,6.9,94.7,93.0,70.33100000000002,0.51,21.0,49.0,2.0,71.73591358333333,7.151999999999998
Thailand,2003,344.0,-50.9,2.9,11.7,38.0,39.0,7.1,95.1,93.3,70.54400000000003,-0.14,21.1,49.0,2.0,73.03028033333332,6.984999999999999
Thailand,2004,342.0,-49.2,2.87,10.4,18.0,39.9,7.3,95.5,93.5,75.96400000000003,-0.72,21.1,50.0,2.0,75.04529491666666,5.868999999999995
Thailand,2005,338.0,-46.0,2.9,8.0,18.0,40.7,7.5,95.9,93.8,90.69600000000004,-0.87,21.3,51.0,2.0,78.45262833333335,4.702999999999996
Thailand,2006,349.0,-41.7,2.83,14.5,25.0,41.5,7.7,96.3,94.1,93.98999999999998,-1.13,21.4,50.0,2.0,82.09084875,5.246999999999996
Thailand,2007,361.0,-47.6,2.89,15.1,42.0,41.9,7.9,96.7,94.4,94.459,-1.11,21.6,50.0,2.0,83.93094875000001,5.373999999999998
Thailand,2008,373.0,-50.1,2.72,16.0,41.0,41.7,8.1,97.0,94.8,95.002,-1.27,21.6,49.0,2.0,88.52070408333333,5.246999999999996
Thailand,2009,374.0,-45.7,2.69,12.2,40.0,41.2,8.3,97.4,95.1,94.494,-1.42,21.7,50.0,2.0,87.74855133333334,5.009999999999996
Thailand,2010,386.0,-43.1,2.72,12.9,50.0,40.8,8.4,97.7,95.4,95.042,-1.44,21.8,49.0,3.0,90.62646558333334,5.043999999999996
Thailand,2011,403.0,-33.3,2.73,9.5,52.0,40.0,8.6,98.0,95.7,95.053,-1.13,22.0,49.0,3.0,94.07823791666664,4.716999999999995
Thailand,2012,418.0,-29.4,2.77,9.0,31.0,39.2,8.7,98.4,96.1,95.434,-1.22,22.1,49.0,3.0,96.91460216666668,4.362999999999996
Thailand,2013,419.0,-43.7,2.73,19.0,17.0,38.4,8.8,98.7,96.4,95.488,-1.31,22.3,49.0,3.0,99.03207608333334,5.301999999999997
Thailand,2014,404.0,-57.7,2.73,18.9,13.0,38.2,8.9,99.0,96.8,95.49500000000002,-0.91,22.5,49.0,3.0,100.90887408333332,5.377999999999998
Thailand,2015,386.0,-67.8,2.73,16.9,11.0,38.2,9.0,99.0,97.1,95.487,-0.99,22.7,49.0,3.0,100.0002655,4.2
Thailand,2016,249.0,-70.6,2.73,19.9,14.0,38.2,9.1,99.0,97.5,95.515,-0.99,23.0,48.0,4.0,100.18841583333334,5.8
Thailand,2017,122.0,-74.1,2.73,28.6,13.0,38.2,9.1,99.0,97.8,95.52400000000002,-0.75,23.3,48.0,3.0,100.85530174999998,7.2
Thailand,2018,196.58,-68.1600000000001,2.73,23.896999999999988,13.0,37.04362727272723,9.2,99.0,98.1,95.589,-0.79,23.7,48.12,3.0,101.92829883333332,7.7
Thailand,2019,198.42,-68.1600000000001,2.73,23.83399999999999,13.0,37.25762727272723,9.2,99.0,98.4,95.59000000000002,-0.54,24.0,48.14,3.31,102.64865525,8.5
Thailand,2020,190.86,-69.4480000000001,2.73,23.849999999999987,13.680734126984127,37.076127272727234,9.2,99.0,98.7,95.588,-0.7185458333333336,23.555,48.11,3.17,101.78031225,7.987000000000006
Viet Nam,2000,205.83521927146924,-1.9125476190476185,2.94,4.828999999999995,51.0,57.37372727272725,2.4,80.5,51.9,35.505,0.41,27.3,68.88,4.57,33.300455916666664,8.142999999999997
Viet Nam,2001,209.0,-12.0,2.99,2.9,53.0,58.4,2.5,81.4,53.9,35.478,0.1253183333333333,25.9,69.0,5.0,33.15674958333333,8.031999999999996
Viet Nam,2002,219.0,-11.7,3.02,2.7,58.0,59.0,2.5,82.2,55.8,35.827,0.35,24.5,69.0,4.0,34.393126333333335,7.8459999999999965
Viet Nam,2003,230.0,-10.9,3.11,3.6,24.0,61.3,2.6,83.1,57.8,36.77099999999998,0.13,23.2,68.0,4.0,35.50562283333333,5.800999999999995
Viet Nam,2004,238.0,-13.1,3.15,4.0,15.0,65.9,2.8,83.9,59.7,38.46599999999999,0.15,22.0,66.0,4.0,38.259065666666665,4.723999999999994
Viet Nam,2005,245.0,-13.1,3.27,4.3,19.0,69.8,2.9,84.8,61.6,41.73199999999998,0.48,20.9,64.0,4.0,41.4286655,4.718999999999995
Viet Nam,2006,252.0,-12.5,3.25,2.9,22.0,72.5,3.0,85.6,63.6,42.41299999999998,0.4,19.9,63.0,5.0,44.50185099999999,4.721999999999994
Viet Nam,2007,260.0,-11.2,3.34,1.1,38.0,72.9,3.2,86.4,65.6,44.064000000000014,0.25,18.9,62.0,5.0,48.21528508333333,4.719999999999995
Viet Nam,2008,267.0,-10.9,3.34,1.4,40.0,73.0,3.4,87.3,67.5,45.29200000000001,0.16,18.1,61.0,6.0,59.3604645,4.562999999999996
Viet Nam,2009,273.0,-10.7,3.45,1.9,35.0,72.6,3.5,88.1,69.4,46.62900000000004,0.27,17.5,60.0,7.0,63.34769683333334,4.248999999999996
Viet Nam,2010,278.0,-11.0,3.44,1.9,15.0,72.0,3.7,88.9,71.3,47.93900000000006,0.15,17.2,60.0,8.0,69.18041458333333,3.651999999999997
Viet Nam,2011,288.0,-12.2,3.45,2.7,14.0,71.6,4.0,89.7,73.3,48.16600000000005,0.19,17.0,59.0,8.0,82.10174733333334,3.508999999999997
Viet Nam,2012,296.0,-12.6,3.58,2.8,10.0,71.6,4.2,90.4,75.2,49.09100000000004,0.27,17.0,58.0,8.0,89.56865774999999,3.463999999999997
Viet Nam,2013,302.0,-10.3,3.58,5.3,12.0,71.7,4.4,91.2,77.0,49.52000000000004,0.25,17.2,57.0,7.0,95.47362791666666,1.8310000000000008
Viet Nam,2014,304.0,-5.8,3.58,5.3,9.0,69.6,4.6,92.4,78.9,50.54800000000003,-0.02,17.5,56.0,6.0,99.37330016666664,1.848000000000001
Viet Nam,2015,303.0,0.9,3.58,5.2,10.0,67.6,4.9,93.3,80.8,50.94400000000003,0.07,18.0,55.0,6.0,100.00054558333332,1.4250000000000005
Viet Nam,2016,201.0,4.9,3.58,4.1,18.0,65.7,5.1,94.1,82.6,51.57500000000002,0.23,18.5,54.0,6.0,102.66880816666668,1.3690000000000004
Viet Nam,2017,99.0,8.3,3.58,6.7,18.0,65.8,5.3,94.8,84.3,52.07400000000003,0.29,19.1,53.0,6.0,106.283014,0.5
Viet Nam,2018,135.96,-1.0500000000000005,3.58,6.682666666666671,14.0,65.36600000000004,5.6,95.5,86.0,62.72600000000002,0.11,19.8,52.46,5.0,110.04503725,0.5
Viet Nam,2019,131.6,-1.1049999999999998,3.58,6.803666666666671,22.0,64.84300000000005,5.8,96.2,87.7,69.60300000000001,0.13,20.6,52.33,5.54,113.12170258333332,0.5
Viet Nam,2020,130.88,-1.176,3.58,6.901666666666671,18.907186913863,65.78000000000004,6.0,96.9,89.2,75.78800000000001,-0.3262453846153847,17.74,52.11,6.4,116.76527841666666,0.921
